<keymap version="1" name="Default copy 2" parent="$default">
  <action id="ActivateMavenProjectsToolWindow">
    <keyboard-shortcut first-keystroke="alt 9" />
  </action>
  <action id="ActivateVersionControlToolWindow">
    <keyboard-shortcut first-keystroke="shift alt 9" />
  </action>
  <action id="CloseContent">
    <keyboard-shortcut first-keystroke="ctrl w" />
  </action>
  <action id="Console.Execute" />
  <action id="Console.TableResult.EditValue">
    <keyboard-shortcut first-keystroke="f2" />
    <keyboard-shortcut first-keystroke="alt enter" />
  </action>
  <action id="CreateJavaeeWebPageAction">
    <keyboard-shortcut first-keystroke="shift alt j" />
  </action>
  <action id="DirDiffMenu.SynchronizeDiff" />
  <action id="EditorChooseLookupItem" />
  <action id="EditorEscape" />
  <action id="EditorJoinLines" />
  <action id="EditorLineEnd">
    <keyboard-shortcut first-keystroke="alt l" />
  </action>
  <action id="EditorPreviousWord">
    <keyboard-shortcut first-keystroke="ctrl left" />
    <keyboard-shortcut first-keystroke="ctrl left" second-keystroke="alt j" />
  </action>
  <action id="EditorScrollLeft">
    <keyboard-shortcut first-keystroke="ctrl alt page_up" />
  </action>
  <action id="EditorScrollRight">
    <keyboard-shortcut first-keystroke="ctrl alt page_down" />
  </action>
  <action id="EditorSelectWord" />
  <action id="ExpressionTypeInfo" />
  <action id="FindInPath">
    <keyboard-shortcut first-keystroke="alt f" />
  </action>
  <action id="FixDocComment">
    <keyboard-shortcut first-keystroke="ctrl alt slash" />
  </action>
  <action id="GotoFile" />
  <action id="Images.Thumbnails.EnterAction" />
  <action id="MoveTabRight">
    <keyboard-shortcut first-keystroke="ctrl numpad6" />
  </action>
  <action id="NewClass">
    <keyboard-shortcut first-keystroke="shift ctrl j" />
  </action>
  <action id="NewDir">
    <keyboard-shortcut first-keystroke="shift ctrl p" />
  </action>
  <action id="NewFile">
    <keyboard-shortcut first-keystroke="shift ctrl n" />
  </action>
  <action id="NextTemplateVariable">
    <keyboard-shortcut first-keystroke="tab" />
  </action>
  <action id="PropertyInspectorActions.EditValue" />
  <action id="RecentFiles" />
  <action id="Scala.ShowImplicits">
    <keyboard-shortcut first-keystroke="shift ctrl alt equals" />
    <keyboard-shortcut first-keystroke="shift ctrl alt add" />
  </action>
  <action id="ShowSettings">
    <keyboard-shortcut first-keystroke="alt s" />
  </action>
  <action id="StepOver">
    <keyboard-shortcut first-keystroke="f8" />
    <keyboard-shortcut first-keystroke="alt page_down" />
  </action>
  <action id="TableResult.UnselectPreviousOccurrence" />
  <action id="UnselectPreviousOccurrence" />
  <action id="Unsplit">
    <keyboard-shortcut first-keystroke="ctrl numpad4" />
  </action>
  <action id="UnsplitAll">
    <keyboard-shortcut first-keystroke="ctrl alt numpad4" />
  </action>
  <action id="Vcs.ShowMessageHistory">
    <keyboard-shortcut first-keystroke="ctrl m" />
  </action>
  <action id="VimInsertExitMode">
    <keyboard-shortcut first-keystroke="alt semicolon" />
  </action>
  <action id="VimPluginToggle">
    <keyboard-shortcut first-keystroke="alt v" />
  </action>
</keymap>