<application>
  <component name="MaterialThemeConfig">
    <option name="arrowsStyle" value="Arrows" />
    <option name="compactDropdowns" value="true" />
    <option name="compactSidebar" value="true" />
    <option name="darkTitleBar" value="true" />
    <option name="highlightColorEnabled" value="true" />
    <option name="isCompactMenus" value="true" />
    <option name="isCompactStatusBar" value="true" />
    <option name="isCompactTables" value="true" />
    <option name="isContrastMode" value="true" />
    <option name="isCustomTreeIndentEnabled" value="true" />
    <option name="isHighContrast" value="true" />
    <option name="isStyledDirectories" value="true" />
    <option name="isWizardShown" value="true" />
    <option name="pristineConfig" value="false" />
    <option name="treeFontSizeEnabled" value="true" />
    <option name="tabFontSizeEnabled" value="true" />
    <option name="useMaterialFont2" value="true" />
    <option name="customSidebarHeight" value="20" />
    <option name="tabFontSize" value="14" />
    <option name="indicatorThickness" value="5" />
    <option name="rightTreeIndent" value="6" />
    <option name="tabsHeight" value="14" />
    <option name="accentColor" value="ff79c5" />
    <option name="selectedTheme" value="DRACULA" />
    <option name="userId" value="-6ac64ffa:16c9e3eed59:-8000" />
    <option name="version" value="4.5.2" />
  </component>
</application>