<application>
  <component name="GeneralSettings">
    <option name="browserPath" value="D:\sougou\SogouExplorer\SogouExplorer.exe" />
    <option name="confirmExit" value="false" />
    <option name="autoSaveFiles" value="false" />
    <option name="showTipsOnStartup" value="false" />
    <option name="useDefaultBrowser" value="false" />
    <option name="useSafeWrite" value="false" />
  </component>
  <component name="Registry">
    <entry key="ide.balloon.shadow.size" value="0" />
    <entry key="ide.tree.ui.experimental" value="false" />
  </component>
</application>