<application>
  <component name="VimEditorSettings">
    <editor />
  </component>
  <component name="VimHistorySettings">
    <history>
      <history-search>
        <entry>hell</entry>
        <entry>comment</entry>
        <entry>replyObj</entry>
      </history-search>
      <history-cmd />
      <history-expr />
      <history-input />
    </history>
  </component>
  <component name="VimKeySettings">
    <shortcut-conflicts>
      <shortcut-conflict owner="vim">
        <text>ctrl pressed I</text>
      </shortcut-conflict>
      <shortcut-conflict owner="ide">
        <text>ctrl pressed S</text>
      </shortcut-conflict>
      <shortcut-conflict owner="vim">
        <text>ctrl pressed E</text>
      </shortcut-conflict>
      <shortcut-conflict owner="ide">
        <text>ctrl pressed C</text>
      </shortcut-conflict>
      <shortcut-conflict owner="ide">
        <text>ctrl pressed A</text>
      </shortcut-conflict>
      <shortcut-conflict owner="ide">
        <text>ctrl pressed N</text>
      </shortcut-conflict>
      <shortcut-conflict owner="ide">
        <text>ctrl pressed V</text>
      </shortcut-conflict>
      <shortcut-conflict owner="ide">
        <text>ctrl pressed X</text>
      </shortcut-conflict>
      <shortcut-conflict owner="ide">
        <text>ctrl pressed H</text>
      </shortcut-conflict>
      <shortcut-conflict owner="ide">
        <text>ctrl pressed W</text>
      </shortcut-conflict>
      <shortcut-conflict owner="vim">
        <text>ctrl pressed D</text>
      </shortcut-conflict>
      <shortcut-conflict owner="ide">
        <text>ctrl pressed F</text>
      </shortcut-conflict>
      <shortcut-conflict owner="ide">
        <text>ctrl pressed B</text>
      </shortcut-conflict>
      <shortcut-conflict owner="ide">
        <text>ctrl pressed Y</text>
      </shortcut-conflict>
      <shortcut-conflict owner="vim">
        <text>ctrl pressed O</text>
      </shortcut-conflict>
      <shortcut-conflict owner="ide">
        <text>ctrl pressed OPEN_BRACKET</text>
      </shortcut-conflict>
      <shortcut-conflict owner="ide">
        <text>ctrl pressed T</text>
      </shortcut-conflict>
      <shortcut-conflict owner="vim">
        <text>ctrl pressed U</text>
      </shortcut-conflict>
      <shortcut-conflict owner="ide">
        <text>ctrl pressed CLOSE_BRACKET</text>
      </shortcut-conflict>
      <shortcut-conflict owner="vim">
        <text>ctrl pressed 2</text>
      </shortcut-conflict>
      <shortcut-conflict owner="ide">
        <text>ctrl pressed R</text>
      </shortcut-conflict>
      <shortcut-conflict owner="vim">
        <text>ctrl pressed Q</text>
      </shortcut-conflict>
      <shortcut-conflict owner="vim">
        <text>ctrl pressed G</text>
      </shortcut-conflict>
      <shortcut-conflict owner="vim">
        <text>ctrl pressed K</text>
      </shortcut-conflict>
      <shortcut-conflict owner="vim">
        <text>ctrl pressed J</text>
      </shortcut-conflict>
      <shortcut-conflict owner="vim">
        <text>ctrl pressed L</text>
      </shortcut-conflict>
      <shortcut-conflict owner="vim">
        <text>ctrl pressed M</text>
      </shortcut-conflict>
    </shortcut-conflicts>
  </component>
  <component name="VimMarksSettings">
    <globalmarks />
    <filemarks>
      <file name="E:/code-merge/vietnamMOA/src/app/shared/component/tw-header/tw-header.component.html" timestamp="1587365938147">
        <mark key="[" line="3" column="23" />
        <mark key="]" line="10" column="23" />
        <mark key="^" line="3" column="12" />
        <mark key="." line="10" column="23" />
      </file>
      <file name="E:/code-merge/vietnamMOA/src/app/shared/component/tw-success/tw-success.component.scss" timestamp="1587365602793">
        <mark key="[" line="43" column="16" />
        <mark key="]" line="30" column="14" />
        <mark key="." line="30" column="14" />
      </file>
      <file name="/Dummy.txt" timestamp="1588987237292">
        <mark key="[" line="0" column="0" />
        <mark key="]" line="0" column="0" />
        <mark key="." line="0" column="0" />
      </file>
      <file name="E:/code-merge/vietnamMOA/src/app/shared/service/user.service.ts" timestamp="1587365327006">
        <mark key="[" line="89" column="49" />
        <mark key="]" line="89" column="0" />
        <mark key="." line="89" column="0" />
      </file>
      <file name="E:/code-merge/vietnamMOA/src/app/user/details/change-info/change-info.component.ts" timestamp="1587611106108">
        <mark key="[" line="47" column="55" />
        <mark key="]" line="47" column="55" />
        <mark key="." line="47" column="55" />
      </file>
      <file name="E:/front-end-project/angular-project/company-collaboration-platform/src/app/utils/date.util.ts" timestamp="1588132153853">
        <mark key="[" line="10" column="32" />
      </file>
      <file name="/GraphQL.result.json" timestamp="1588831550036">
        <mark key="[" line="0" column="0" />
      </file>
      <file name="E:/front-end-project/angular-project/company-collaboration-platform/src/app/shared/date-input/date-input.component.html" timestamp="1588041581004">
        <mark key="[" line="14" column="78" />
        <mark key="]" line="14" column="78" />
        <mark key="." line="14" column="78" />
      </file>
      <file name="E:/front-end-project/angular-project/company-collaboration-platform/src/app/login/register/register.component.html" timestamp="1588832376684">
        <mark key="'" line="21" column="42" />
        <mark key="[" line="23" column="0" />
        <mark key="]" line="23" column="0" />
        <mark key="." line="23" column="0" />
      </file>
      <file name="E:/code-merge/vietnamMOA/src/app/shared/utils/return-verify.util.ts" timestamp="1587365341339">
        <mark key="[" line="8" column="31" />
        <mark key="]" line="8" column="31" />
        <mark key="." line="8" column="31" />
      </file>
      <file name="E:/front-end-project/angular-project/company-collaboration-platform/src/app/shared/date-input/date-input.component.ts" timestamp="1588131708705">
        <mark key="'" line="156" column="8" />
        <mark key="[" line="156" column="31" />
        <mark key="]" line="157" column="15" />
        <mark key="." line="157" column="15" />
      </file>
      <file name="E:/front-end-project/angular-project/company-collaboration-platform-source/src/app/shared/age-input/index.ts" timestamp="1588039215143">
        <mark key="[" line="162" column="0" />
        <mark key="]" line="162" column="0" />
        <mark key="." line="162" column="0" />
      </file>
      <file name="E:/code-merge/vietnamMOA/src/app/application/center/center.component.html" timestamp="1587363704385">
        <mark key="[" line="22" column="18" />
        <mark key="]" line="22" column="18" />
        <mark key="." line="22" column="18" />
      </file>
      <file name="E:/front-end-project/angular-project/company-collaboration-platform/tsconfig.json" timestamp="1588907185837" />
    </filemarks>
    <jumps>
      <jump line="30" column="41" filename="E:/code-merge/vietnamMOA/src/app/home/home.page.ts" />
      <jump line="7" column="0" filename="E:/code-merge/vietnamMOA/src/app/home/home.page.ts" />
      <jump line="24" column="15" filename="E:/code-merge/vietnamMOA/src/app/home/home.page.ts" />
      <jump line="49" column="4" filename="E:/code-merge/vietnamMOA/src/app/home/home.page.ts" />
      <jump line="26" column="0" filename="E:/code-merge/vietnamMOA/src/app/application/about/about.component.ts" />
      <jump line="37" column="26" filename="E:/code-merge/vietnamMOA/src/app/shared/service/file.service.ts" />
      <jump line="78" column="17" filename="E:/code-merge/vietnamMOA/src/app/application/about/about.component.ts" />
      <jump line="40" column="32" filename="E:/code-merge/vietnamMOA/src/app/shared/service/file.service.ts" />
      <jump line="22" column="21" filename="E:/code-merge/vietnamMOA/src/app/shared/service/application.service.ts" />
      <jump line="0" column="0" filename="E:/code-merge/vietnamMOA/src/app/shared/service/application.service.ts" />
      <jump line="18" column="7" filename="E:/code-merge/vietnamMOA/src/app/shared/service/httpbase.ts" />
      <jump line="31" column="0" filename="E:/code-merge/vietnamMOA/src/app/salary/salary.component.html" />
      <jump line="6" column="0" filename="E:/code-merge/vietnamMOA/src/app/home/home.page.html" />
      <jump line="2" column="26" filename="E:/code-merge/vietnamMOA/src/app/home/home.page.html" />
      <jump line="41" column="7" filename="E:/code-merge/vietnamMOA/src/app/salary/salary.component.ts" />
      <jump line="7" column="15" filename="E:/code-merge/vietnamMOA/src/assets/i18n/zh.json" />
      <jump line="9" column="0" filename="E:/code-merge/vietnamMOA/src/assets/i18n/zh.json" />
      <jump line="22" column="15" filename="E:/code-merge/vietnamMOA/src/app/user/details/change-info/change-info.component.ts" />
      <jump line="27" column="0" filename="E:/code-merge/vietnamMOA/src/app/user/details/change-info/change-info.component.ts" />
      <jump line="12" column="13" filename="E:/code-merge/vietnamMOA/src/environments/app.config.ts" />
      <jump line="21" column="31" filename="E:/code-merge/vietnamMOA/src/app/user/reset-password/reset-password.component.ts" />
      <jump line="9" column="20" filename="E:/code-merge/vietnamMOA/src/app/user/reset-password/reset-password.module.ts" />
      <jump line="18" column="3" filename="E:/code-merge/vietnamMOA/src/app/shared/service/user.service.ts" />
      <jump line="47" column="4" filename="E:/code-merge/vietnamMOA/src/environments/app.config.ts" />
      <jump line="50" column="4" filename="E:/code-merge/vietnamMOA/src/environments/app.config.ts" />
      <jump line="51" column="0" filename="E:/code-merge/vietnamMOA/src/environments/app.config.ts" />
      <jump line="9" column="29" filename="E:/code-merge/vietnamMOA/src/environments/app.config.ts" />
      <jump line="43" column="5" filename="E:/code-merge/vietnamMOA/src/app/shared/entity/user.bo.ts" />
      <jump line="15" column="33" filename="E:/code-merge/vietnamMOA/src/app/core/interceptor/http.interceptor.ts" />
      <jump line="44" column="8" filename="E:/code-merge/vietnamMOA/src/environments/app.config.ts" />
      <jump line="67" column="0" filename="E:/code-merge/vietnamMOA/src/environments/app.config.ts" />
      <jump line="23" column="4" filename="E:/code-merge/vietnamMOA/src/environments/app.config.ts" />
      <jump line="16" column="52" filename="E:/code-merge/vietnamMOA/src/app/app.module.ts" />
      <jump line="11" column="59" filename="E:/code-merge/vietnamMOA/src/app/application/about/about.component.html" />
      <jump line="0" column="0" filename="E:/code-merge/vietnamMOA/src/app/application/about/about.component.html" />
      <jump line="24" column="4" filename="E:/code-merge/vietnamMOA/src/app/shared/service/application.service.ts" />
      <jump line="45" column="15" filename="E:/code-merge/vietnamMOA/src/app/shared/service/router.service.ts" />
      <jump line="25" column="48" filename="E:/code-merge/vietnamMOA/src/app/user/login/login.component.html" />
      <jump line="6" column="3" filename="E:/code-merge/vietnamMOA/src/app/tabs/tabs.ts" />
      <jump line="101" column="49" filename="E:/code-merge/vietnamMOA/src/app/core/core.module.ts" />
      <jump line="35" column="18" filename="E:/code-merge/vietnamMOA/src/app/app.module.ts" />
      <jump line="18" column="0" filename="E:/code-merge/vietnamMOA/src/app/app.module.ts" />
      <jump line="70" column="7" filename="E:/code-merge/vietnamMOA/src/app/shared/service/device.service.ts" />
      <jump line="98" column="0" filename="E:/code-merge/vietnamMOA/src/app/shared/service/device.service.ts" />
      <jump line="11" column="0" filename="E:/code-merge/vietnamMOA/src/app/shared/service/device.service.ts" />
      <jump line="50" column="14" filename="E:/code-merge/vietnamMOA/src/app/user/details/details.component.ts" />
      <jump line="1" column="0" filename="E:/code-merge/vietnamMOA/src/app/user/details/details.component.ts" />
      <jump line="29" column="6" filename="E:/code-merge/vietnamMOA/src/app/user/details/details.component.ts" />
      <jump line="0" column="0" filename="E:/code-merge/vietnamMOA/src/app/user/login/login.component.scss" />
      <jump line="44" column="50" filename="E:/code-merge/vietnamMOA/src/app/user/reset-password/reset-password.component.ts" />
      <jump line="23" column="4" filename="E:/code-merge/vietnamMOA/src/app/user/reset-password/reset-password.component.ts" />
      <jump line="28" column="60" filename="E:/code-merge/vietnamMOA/src/app/shared/utils/validators/password-match.ts" />
      <jump line="24" column="0" filename="E:/code-merge/vietnamMOA/src/app/application/about/version-features/version-detail/version-detail.component.ts" />
      <jump line="102" column="0" filename="E:/code-merge/vietnamMOA/src/app/core/core.module.ts" />
      <jump line="26" column="0" filename="E:/code-merge/vietnamMOA/src/app/core/core.module.ts" />
      <jump line="83" column="31" filename="E:/code-merge/vietnamMOA/src/app/user/reset-password/reset-password.component.ts" />
      <jump line="86" column="0" filename="E:/code-merge/vietnamMOA/src/app/user/reset-password/reset-password.component.ts" />
      <jump line="30" column="8" filename="E:/code-merge/vietnamMOA/src/app/user/reset-password/reset-password.component.ts" />
      <jump line="107" column="35" filename="E:/code-merge/vietnamMOA/src/app/shared/service/device.service.ts" />
      <jump line="39" column="7" filename="E:/code-merge/vietnamMOA/src/app/shared/service/device.service.ts" />
      <jump line="85" column="64" filename="E:/code-merge/vietnamMOA/src/theme/variables.scss" />
      <jump line="32" column="44" filename="E:/code-merge/vietnamMOA/src/app/application/center/center.component.html" />
      <jump line="54" column="4" filename="E:/code-merge/vietnamMOA/src/environments/app.config.ts" />
      <jump line="91" column="4" filename="E:/code-merge/vietnamMOA/src/app/shared/service/application.service.ts" />
      <jump line="111" column="59" filename="E:/code-merge/vietnamMOA/src/theme/variables.scss" />
      <jump line="40" column="21" filename="E:/code-merge/vietnamMOA/src/app/user/update-password/update-password.component.html" />
      <jump line="23" column="12" filename="E:/code-merge/vietnamMOA/src/app/user/update-password/update-password.component.html" />
      <jump line="16" column="45" filename="E:/code-merge/vietnamMOA/src/app/user/update-password/update-password.component.html" />
      <jump line="115" column="0" filename="E:/code-merge/vietnamMOA/src/theme/variables.scss" />
      <jump line="110" column="69" filename="E:/code-merge/vietnamMOA/src/theme/variables.scss" />
      <jump line="12" column="38" filename="E:/code-merge/vietnamMOA/src/app/shared/component/tw-success/tw-success.component.ts" />
      <jump line="25" column="28" filename="E:/code-merge/vietnamMOA/src/app/shared/entity/salary.vo.ts" />
      <jump line="10" column="0" filename="E:/code-merge/vietnamMOA/src/app/shared/entity/salary.vo.ts" />
      <jump line="20" column="3" filename="E:/code-merge/vietnamMOA/src/app/shared/entity/user.bo.ts" />
      <jump line="125" column="2" filename="E:/code-merge/vietnamMOA/src/app/shared/entity/user.bo.ts" />
      <jump line="1218" column="49" filename="E:/code-merge/mobileOA/src/providers/public-tools/native-service.ts" />
      <jump line="339" column="13" filename="E:/code-merge/mobileOA/src/pages/tab-workbench/regular-bus/bus-base.ts" />
      <jump line="128" column="8" filename="E:/code-merge/vietnamMOA/src/app/shared/entity/user.bo.ts" />
      <jump line="45" column="28" filename="E:/front-end-project/angular-project/company-collaboration-platform/src/app/project/project-list/project-list.component.ts" />
      <jump line="1" column="12" filename="E:/code-merge/vietnamMOA/src/app/user/reset-password/reset-password.component.html" />
      <jump line="65" column="0" filename="E:/code-merge/vietnamMOA/src/app/user/reset-password/reset-password.component.html" />
      <jump line="0" column="17" filename="E:/code-merge/vietnamMOA/src/app/shared/component/tw-success/tw-success.component.html" />
      <jump line="113" column="30" filename="E:/code-merge/vietnamMOA/src/app/shared/const/language.const.ts" />
      <jump line="40" column="17" filename="E:/code-merge/vietnamMOA/src/app/core/interceptor/http.interceptor.ts" />
      <jump line="17" column="48" filename="E:/code-merge/vietnamMOA/src/app/app.module.ts" />
      <jump line="39" column="0" filename="E:/code-merge/vietnamMOA/src/theme/variables.scss" />
      <jump line="21" column="37" filename="E:/code-merge/vietnamMOA/src/app/application/center/center.component.ts" />
      <jump line="8" column="25" filename="E:/front-end-project/angular-project/company-collaboration-platform/src/app/login/login/login.component.html" />
      <jump line="50" column="21" filename="E:/code-merge/vietnamMOA/src/app/core/interceptor/http.interceptor.ts" />
      <jump line="24" column="2" filename="E:/code-merge/vietnamMOA/src/app/shared/service/language.service.ts" />
      <jump line="87" column="26" filename="E:/code-merge/vietnamMOA/src/app/shared/service/router.service.ts" />
      <jump line="15" column="17" filename="E:/front-end-project/angular-project/company-collaboration-platform/src/app/shared/date-input/date-input.component.ts" />
      <jump line="56" column="37" filename="E:/code-merge/vietnamMOA/src/app/application/center/center.component.ts" />
      <jump line="28" column="4" filename="E:/code-merge/vietnamMOA/src/app/application/center/center.component.ts" />
      <jump line="57" column="26" filename="E:/code-merge/vietnamMOA/src/app/application/center/center.component.ts" />
      <jump line="55" column="3" filename="E:/code-merge/vietnamMOA/src/app/application/center/center.component.ts" />
      <jump line="32" column="3" filename="E:/code-merge/vietnamMOA/src/app/application/center/center.component.ts" />
      <jump line="105" column="12" filename="E:/front-end-project/angular-project/company-collaboration-platform/src/app/shared/date-input/date-input.component.ts" />
      <jump line="156" column="8" filename="E:/front-end-project/angular-project/company-collaboration-platform/src/app/shared/date-input/date-input.component.ts" />
      <jump line="21" column="42" filename="E:/front-end-project/angular-project/company-collaboration-platform/src/app/login/register/register.component.html" />
    </jumps>
  </component>
  <component name="VimRegisterSettings">
    <registers>
      <register name="&quot;" type="4">
        <text>3.30</text>
      </register>
      <register name="-" type="4">
        <text>3.30</text>
      </register>
      <register name="/" type="4">
        <text>replyObj</text>
      </register>
      <register name="0" type="4">
        <text>initAgeWidthUnit</text>
      </register>
      <register name="1" type="2">
        <text encoding="base64">ICAgICAgICAgICAgCg==</text>
      </register>
      <register name="q" type="4">
        <keys>
          <key char="65535" code="27" mods="0" />
        </keys>
      </register>
      <register name="2" type="2">
        <text encoding="base64">ICAgIAo=</text>
      </register>
      <register name="3" type="2">
        <text encoding="base64">aW1wb3J0IHtkZWJ1Z30gZnJvbSAndXRpbCc7Cg==</text>
      </register>
      <register name="4" type="2">
        <text encoding="base64">ICAgICAgICBjb25zb2xlLmxvZyhkYXRlU3RyKTsK</text>
      </register>
      <register name="5" type="2">
        <text encoding="base64">CQkJCQo=</text>
      </register>
      <register name="6" type="2">
        <text encoding="base64">ICAgICAgICAgICAgICAgIAo=</text>
      </register>
      <register name="7" type="2">
        <text encoding="base64">ICAgICAgICAgICAgICAgIHJldHVybiB7ZGF0ZTogciwgZnJvbTogJ2JpcnRoZGF5J307Cg==</text>
      </register>
      <register name="8" type="2">
        <text encoding="base64">ICAgICAgICAgICAgLy8K</text>
      </register>
      <register name="9" type="2">
        <text encoding="base64">ICAgICAgICAK</text>
      </register>
    </registers>
  </component>
  <component name="VimSearchSettings">
    <search>
      <last-search>replyObj</last-search>
      <last-offset />
      <last-pattern>replyObj</last-pattern>
      <last-dir>1</last-dir>
      <show-last>false</show-last>
    </search>
  </component>
  <component name="VimSettings">
    <state version="6" enabled="true" />
    <notifications>
      <idea-join enabled="true" />
      <idea-put enabled="false" />
    </notifications>
  </component>
</application>